id_ticket,secuencia_actividades
TCK-1001,Creación de Ticket → Evaluación de Requerimiento → Ingreso a Backlog → Aprobación por Comité → Cierre del Ticket → Resolución del Requerimiento → Inicio de Fase → Validación QA → Fin de Fase
TCK-1002,Creación de Ticket → Evaluación de Requerimiento → Ingreso a Backlog → Aprobación por Comité → Inicio de Fase → Cierre del Ticket → Resolución del Requerimiento → Validación QA → Fin de Fase
TCK-1003,Creación de Ticket → Evaluación de Requerimiento → Ingreso a Backlog → Aprobación por Comité → Inicio de Fase → Resolución del Requerimiento → Cierre del Ticket → Validación QA → Fin de Fase
TCK-1004,Creación de Ticket → Evaluación de Requerimiento → Ingreso a Backlog → Aprobación por Comité → Resolución del Requerimiento → Cierre del Ticket → Inicio de Fase → Validación QA → Fin de Fase
TCK-1005,Creación de Ticket → Evaluación de Requerimiento → Ingreso a Backlog → Aprobación por Comité → Resolución del Requerimiento → Cierre del Ticket → Inicio de Fase → Validación QA → Fin de Fase
TCK-1006,Creación de Ticket → Evaluación de Requerimiento → Ingreso a Backlog → Aprobación por Comité → Resolución del Requerimiento → Cierre del Ticket → Inicio de Fase → Validación QA → Fin de Fase
TCK-1007,Creación de Ticket → Evaluación de Requerimiento → Ingreso a Backlog → Aprobación por Comité → Cierre del Ticket → Resolución del Requerimiento → Inicio de Fase → Validación QA → Fin de Fase
TCK-1008,Creación de Ticket → Evaluación de Requerimiento → Ingreso a Backlog → Aprobación por Comité → Resolución del Requerimiento → Cierre del Ticket → Inicio de Fase → Validación QA → Fin de Fase
TCK-1009,Creación de Ticket → Evaluación de Requerimiento → Ingreso a Backlog → Aprobación por Comité → Cierre del Ticket → Resolución del Requerimiento → Validación QA → Inicio de Fase → Fin de Fase
TCK-1010,Creación de Ticket → Evaluación de Requerimiento → Ingreso a Backlog → Aprobación por Comité → Resolución del Requerimiento → Cierre del Ticket → Inicio de Fase → Validación QA → Fin de Fase
TCK-1011,Creación de Ticket → Evaluación de Requerimiento → Ingreso a Backlog → Aprobación por Comité → Inicio de Fase → Resolución del Requerimiento → Cierre del Ticket → Validación QA → Fin de Fase
TCK-1012,Creación de Ticket → Evaluación de Requerimiento → Ingreso a Backlog → Aprobación por Comité → Cierre del Ticket → Resolución del Requerimiento → Inicio de Fase → Validación QA → Fin de Fase
TCK-1013,Creación de Ticket → Evaluación de Requerimiento → Ingreso a Backlog → Aprobación por Comité → Inicio de Fase → Resolución del Requerimiento → Cierre del Ticket → Validación QA → Fin de Fase
TCK-1014,Creación de Ticket → Evaluación de Requerimiento → Ingreso a Backlog → Aprobación por Comité → Inicio de Fase → Cierre del Ticket → Resolución del Requerimiento → Validación QA → Fin de Fase
TCK-1015,Creación de Ticket → Evaluación de Requerimiento → Ingreso a Backlog → Aprobación por Comité → Cierre del Ticket → Resolución del Requerimiento → Inicio de Fase → Validación QA → Fin de Fase
TCK-1016,Creación de Ticket → Evaluación de Requerimiento → Ingreso a Backlog → Aprobación por Comité → Cierre del Ticket → Resolución del Requerimiento → Inicio de Fase → Validación QA → Fin de Fase
TCK-1017,Creación de Ticket → Evaluación de Requerimiento → Ingreso a Backlog → Aprobación por Comité → Inicio de Fase → Resolución del Requerimiento → Cierre del Ticket → Validación QA → Fin de Fase
TCK-1018,Creación de Ticket → Evaluación de Requerimiento → Ingreso a Backlog → Aprobación por Comité → Resolución del Requerimiento → Cierre del Ticket → Inicio de Fase → Validación QA → Fin de Fase
TCK-1019,Creación de Ticket → Evaluación de Requerimiento → Ingreso a Backlog → Aprobación por Comité → Resolución del Requerimiento → Cierre del Ticket → Inicio de Fase → Validación QA → Fin de Fase
TCK-1020,Creación de Ticket → Evaluación de Requerimiento → Ingreso a Backlog → Aprobación por Comité → Cierre del Ticket → Resolución del Requerimiento → Inicio de Fase → Validación QA → Fin de Fase
TCK-1021,Creación de Ticket → Evaluación de Requerimiento → Ingreso a Backlog → Aprobación por Comité → Cierre del Ticket → Resolución del Requerimiento → Validación QA → Inicio de Fase → Fin de Fase
TCK-1022,Creación de Ticket → Evaluación de Requerimiento → Ingreso a Backlog → Aprobación por Comité → Resolución del Requerimiento → Cierre del Ticket → Inicio de Fase → Validación QA → Fin de Fase
TCK-1023,Creación de Ticket → Evaluación de Requerimiento → Ingreso a Backlog → Aprobación por Comité → Inicio de Fase → Resolución del Requerimiento → Cierre del Ticket → Validación QA → Fin de Fase
TCK-1024,Creación de Ticket → Evaluación de Requerimiento → Ingreso a Backlog → Aprobación por Comité → Cierre del Ticket → Resolución del Requerimiento → Inicio de Fase → Validación QA → Fin de Fase
TCK-1025,Creación de Ticket → Evaluación de Requerimiento → Ingreso a Backlog → Aprobación por Comité → Resolución del Requerimiento → Cierre del Ticket → Validación QA → Inicio de Fase → Fin de Fase
TCK-1026,Creación de Ticket → Evaluación de Requerimiento → Ingreso a Backlog → Aprobación por Comité → Resolución del Requerimiento → Cierre del Ticket → Inicio de Fase → Validación QA → Fin de Fase
TCK-1027,Creación de Ticket → Evaluación de Requerimiento → Ingreso a Backlog → Aprobación por Comité → Cierre del Ticket → Resolución del Requerimiento → Validación QA → Inicio de Fase → Fin de Fase
TCK-1028,Creación de Ticket → Evaluación de Requerimiento → Ingreso a Backlog → Aprobación por Comité → Inicio de Fase → Cierre del Ticket → Resolución del Requerimiento → Validación QA → Fin de Fase
TCK-1029,Creación de Ticket → Evaluación de Requerimiento → Ingreso a Backlog → Aprobación por Comité → Resolución del Requerimiento → Cierre del Ticket → Inicio de Fase → Validación QA → Fin de Fase
TCK-1030,Creación de Ticket → Evaluación de Requerimiento → Ingreso a Backlog → Aprobación por Comité → Inicio de Fase → Resolución del Requerimiento → Cierre del Ticket → Validación QA → Fin de Fase
TCK-1031,Creación de Ticket → Evaluación de Requerimiento → Ingreso a Backlog → Aprobación por Comité → Cierre del Ticket → Resolución del Requerimiento → Inicio de Fase → Validación QA → Fin de Fase
TCK-1032,Creación de Ticket → Evaluación de Requerimiento → Ingreso a Backlog → Aprobación por Comité → Resolución del Requerimiento → Cierre del Ticket → Inicio de Fase → Validación QA → Fin de Fase
TCK-1033,Creación de Ticket → Evaluación de Requerimiento → Ingreso a Backlog → Aprobación por Comité → Inicio de Fase → Cierre del Ticket → Resolución del Requerimiento → Validación QA → Fin de Fase
TCK-1034,Creación de Ticket → Evaluación de Requerimiento → Ingreso a Backlog → Aprobación por Comité → Cierre del Ticket → Resolución del Requerimiento → Inicio de Fase → Validación QA → Fin de Fase
TCK-1035,Creación de Ticket → Evaluación de Requerimiento → Ingreso a Backlog → Aprobación por Comité → Resolución del Requerimiento → Inicio de Fase → Cierre del Ticket → Validación QA → Fin de Fase
TCK-1036,Creación de Ticket → Evaluación de Requerimiento → Ingreso a Backlog → Aprobación por Comité → Inicio de Fase → Resolución del Requerimiento → Cierre del Ticket → Validación QA → Fin de Fase
TCK-1037,Creación de Ticket → Evaluación de Requerimiento → Ingreso a Backlog → Aprobación por Comité → Inicio de Fase → Resolución del Requerimiento → Cierre del Ticket → Validación QA → Fin de Fase
TCK-1038,Creación de Ticket → Evaluación de Requerimiento → Ingreso a Backlog → Aprobación por Comité → Resolución del Requerimiento → Cierre del Ticket → Inicio de Fase → Validación QA → Fin de Fase
TCK-1039,Creación de Ticket → Evaluación de Requerimiento → Ingreso a Backlog → Aprobación por Comité → Inicio de Fase → Cierre del Ticket → Resolución del Requerimiento → Validación QA → Fin de Fase
TCK-1040,Creación de Ticket → Evaluación de Requerimiento → Ingreso a Backlog → Aprobación por Comité → Inicio de Fase → Cierre del Ticket → Resolución del Requerimiento → Validación QA → Fin de Fase
TCK-1041,Creación de Ticket → Evaluación de Requerimiento → Ingreso a Backlog → Aprobación por Comité → Inicio de Fase → Cierre del Ticket → Resolución del Requerimiento → Validación QA → Fin de Fase
TCK-1042,Creación de Ticket → Evaluación de Requerimiento → Ingreso a Backlog → Aprobación por Comité → Inicio de Fase → Resolución del Requerimiento → Cierre del Ticket → Validación QA → Fin de Fase
TCK-1043,Creación de Ticket → Evaluación de Requerimiento → Ingreso a Backlog → Aprobación por Comité → Inicio de Fase → Resolución del Requerimiento → Cierre del Ticket → Validación QA → Fin de Fase
TCK-1044,Creación de Ticket → Evaluación de Requerimiento → Ingreso a Backlog → Aprobación por Comité → Resolución del Requerimiento → Cierre del Ticket → Inicio de Fase → Validación QA → Fin de Fase
TCK-1045,Creación de Ticket → Evaluación de Requerimiento → Ingreso a Backlog → Aprobación por Comité → Inicio de Fase → Cierre del Ticket → Resolución del Requerimiento → Validación QA → Fin de Fase
TCK-1046,Creación de Ticket → Evaluación de Requerimiento → Ingreso a Backlog → Aprobación por Comité → Inicio de Fase → Cierre del Ticket → Resolución del Requerimiento → Validación QA → Fin de Fase
TCK-1047,Creación de Ticket → Evaluación de Requerimiento → Ingreso a Backlog → Aprobación por Comité → Cierre del Ticket → Resolución del Requerimiento → Inicio de Fase → Validación QA → Fin de Fase
TCK-1048,Creación de Ticket → Evaluación de Requerimiento → Ingreso a Backlog → Aprobación por Comité → Inicio de Fase → Cierre del Ticket → Resolución del Requerimiento → Validación QA → Fin de Fase
TCK-1049,Creación de Ticket → Evaluación de Requerimiento → Ingreso a Backlog → Aprobación por Comité → Inicio de Fase → Resolución del Requerimiento → Cierre del Ticket → Validación QA → Fin de Fase
TCK-1050,Creación de Ticket → Evaluación de Requerimiento → Ingreso a Backlog → Aprobación por Comité → Inicio de Fase → Cierre del Ticket → Resolución del Requerimiento → Validación QA → Fin de Fase
TCK-1051,Creación de Ticket → Evaluación de Requerimiento → Ingreso a Backlog → Aprobación por Comité → Inicio de Fase → Resolución del Requerimiento → Cierre del Ticket → Validación QA → Fin de Fase
TCK-1052,Creación de Ticket → Evaluación de Requerimiento → Ingreso a Backlog → Aprobación por Comité → Inicio de Fase → Cierre del Ticket → Resolución del Requerimiento → Validación QA → Fin de Fase
TCK-1053,Creación de Ticket → Evaluación de Requerimiento → Ingreso a Backlog → Aprobación por Comité → Cierre del Ticket → Resolución del Requerimiento → Inicio de Fase → Validación QA → Fin de Fase
TCK-1054,Creación de Ticket → Evaluación de Requerimiento → Ingreso a Backlog → Aprobación por Comité → Inicio de Fase → Resolución del Requerimiento → Cierre del Ticket → Validación QA → Fin de Fase
TCK-1055,Creación de Ticket → Evaluación de Requerimiento → Ingreso a Backlog → Aprobación por Comité → Resolución del Requerimiento → Cierre del Ticket → Inicio de Fase → Validación QA → Fin de Fase
TCK-1056,Creación de Ticket → Evaluación de Requerimiento → Ingreso a Backlog → Aprobación por Comité → Cierre del Ticket → Resolución del Requerimiento → Inicio de Fase → Validación QA → Fin de Fase
TCK-1057,Creación de Ticket → Evaluación de Requerimiento → Ingreso a Backlog → Aprobación por Comité → Inicio de Fase → Resolución del Requerimiento → Cierre del Ticket → Validación QA → Fin de Fase
TCK-1058,Creación de Ticket → Evaluación de Requerimiento → Ingreso a Backlog → Aprobación por Comité → Inicio de Fase → Resolución del Requerimiento → Cierre del Ticket → Validación QA → Fin de Fase
TCK-1059,Creación de Ticket → Evaluación de Requerimiento → Ingreso a Backlog → Aprobación por Comité → Inicio de Fase → Cierre del Ticket → Resolución del Requerimiento → Validación QA → Fin de Fase
TCK-1060,Creación de Ticket → Evaluación de Requerimiento → Ingreso a Backlog → Aprobación por Comité → Inicio de Fase → Cierre del Ticket → Resolución del Requerimiento → Validación QA → Fin de Fase
TCK-1061,Creación de Ticket → Evaluación de Requerimiento → Ingreso a Backlog → Aprobación por Comité → Cierre del Ticket → Resolución del Requerimiento → Validación QA → Inicio de Fase → Fin de Fase
TCK-1062,Creación de Ticket → Evaluación de Requerimiento → Ingreso a Backlog → Aprobación por Comité → Inicio de Fase → Resolución del Requerimiento → Cierre del Ticket → Validación QA → Fin de Fase
TCK-1063,Creación de Ticket → Evaluación de Requerimiento → Ingreso a Backlog → Aprobación por Comité → Inicio de Fase → Cierre del Ticket → Resolución del Requerimiento → Validación QA → Fin de Fase
TCK-1064,Creación de Ticket → Evaluación de Requerimiento → Ingreso a Backlog → Aprobación por Comité → Inicio de Fase → Resolución del Requerimiento → Cierre del Ticket → Validación QA → Fin de Fase
TCK-1065,Creación de Ticket → Evaluación de Requerimiento → Ingreso a Backlog → Aprobación por Comité → Inicio de Fase → Resolución del Requerimiento → Cierre del Ticket → Validación QA → Fin de Fase
TCK-1066,Creación de Ticket → Evaluación de Requerimiento → Ingreso a Backlog → Aprobación por Comité → Cierre del Ticket → Resolución del Requerimiento → Inicio de Fase → Validación QA → Fin de Fase
TCK-1067,Creación de Ticket → Evaluación de Requerimiento → Ingreso a Backlog → Aprobación por Comité → Resolución del Requerimiento → Cierre del Ticket → Inicio de Fase → Validación QA → Fin de Fase
TCK-1068,Creación de Ticket → Evaluación de Requerimiento → Ingreso a Backlog → Aprobación por Comité → Cierre del Ticket → Resolución del Requerimiento → Inicio de Fase → Validación QA → Fin de Fase
TCK-1069,Creación de Ticket → Evaluación de Requerimiento → Ingreso a Backlog → Aprobación por Comité → Inicio de Fase → Cierre del Ticket → Resolución del Requerimiento → Validación QA → Fin de Fase
TCK-1070,Creación de Ticket → Evaluación de Requerimiento → Ingreso a Backlog → Aprobación por Comité → Inicio de Fase → Cierre del Ticket → Resolución del Requerimiento → Validación QA → Fin de Fase
TCK-1071,Creación de Ticket → Evaluación de Requerimiento → Ingreso a Backlog → Aprobación por Comité → Cierre del Ticket → Resolución del Requerimiento → Inicio de Fase → Validación QA → Fin de Fase
TCK-1072,Creación de Ticket → Evaluación de Requerimiento → Ingreso a Backlog → Aprobación por Comité → Inicio de Fase → Cierre del Ticket → Resolución del Requerimiento → Validación QA → Fin de Fase
TCK-1073,Creación de Ticket → Evaluación de Requerimiento → Ingreso a Backlog → Aprobación por Comité → Inicio de Fase → Resolución del Requerimiento → Cierre del Ticket → Validación QA → Fin de Fase
TCK-1074,Creación de Ticket → Evaluación de Requerimiento → Ingreso a Backlog → Aprobación por Comité → Cierre del Ticket → Resolución del Requerimiento → Inicio de Fase → Validación QA → Fin de Fase
TCK-1075,Creación de Ticket → Evaluación de Requerimiento → Ingreso a Backlog → Aprobación por Comité → Inicio de Fase → Cierre del Ticket → Resolución del Requerimiento → Validación QA → Fin de Fase
TCK-1076,Creación de Ticket → Evaluación de Requerimiento → Ingreso a Backlog → Aprobación por Comité → Inicio de Fase → Resolución del Requerimiento → Cierre del Ticket → Validación QA → Fin de Fase
TCK-1077,Creación de Ticket → Evaluación de Requerimiento → Ingreso a Backlog → Aprobación por Comité → Inicio de Fase → Resolución del Requerimiento → Cierre del Ticket → Validación QA → Fin de Fase
TCK-1078,Creación de Ticket → Evaluación de Requerimiento → Ingreso a Backlog → Aprobación por Comité → Inicio de Fase → Resolución del Requerimiento → Cierre del Ticket → Validación QA → Fin de Fase
TCK-1079,Creación de Ticket → Evaluación de Requerimiento → Ingreso a Backlog → Aprobación por Comité → Inicio de Fase → Cierre del Ticket → Resolución del Requerimiento → Validación QA → Fin de Fase
TCK-1080,Creación de Ticket → Evaluación de Requerimiento → Ingreso a Backlog → Aprobación por Comité → Inicio de Fase → Resolución del Requerimiento → Cierre del Ticket → Validación QA → Fin de Fase
TCK-1081,Creación de Ticket → Evaluación de Requerimiento → Ingreso a Backlog → Aprobación por Comité → Inicio de Fase → Cierre del Ticket → Resolución del Requerimiento → Validación QA → Fin de Fase
TCK-1082,Creación de Ticket → Evaluación de Requerimiento → Ingreso a Backlog → Aprobación por Comité → Inicio de Fase → Cierre del Ticket → Resolución del Requerimiento → Validación QA → Fin de Fase
TCK-1083,Creación de Ticket → Evaluación de Requerimiento → Ingreso a Backlog → Aprobación por Comité → Resolución del Requerimiento → Cierre del Ticket → Validación QA → Inicio de Fase → Fin de Fase
TCK-1084,Creación de Ticket → Evaluación de Requerimiento → Ingreso a Backlog → Aprobación por Comité → Resolución del Requerimiento → Cierre del Ticket → Inicio de Fase → Validación QA → Fin de Fase
TCK-1085,Creación de Ticket → Evaluación de Requerimiento → Ingreso a Backlog → Aprobación por Comité → Inicio de Fase → Resolución del Requerimiento → Cierre del Ticket → Validación QA → Fin de Fase
TCK-1086,Creación de Ticket → Evaluación de Requerimiento → Ingreso a Backlog → Aprobación por Comité → Inicio de Fase → Resolución del Requerimiento → Cierre del Ticket → Validación QA → Fin de Fase
TCK-1087,Creación de Ticket → Evaluación de Requerimiento → Ingreso a Backlog → Aprobación por Comité → Inicio de Fase → Cierre del Ticket → Resolución del Requerimiento → Validación QA → Fin de Fase
TCK-1088,Creación de Ticket → Evaluación de Requerimiento → Ingreso a Backlog → Aprobación por Comité → Inicio de Fase → Resolución del Requerimiento → Cierre del Ticket → Validación QA → Fin de Fase
TCK-1089,Creación de Ticket → Evaluación de Requerimiento → Ingreso a Backlog → Aprobación por Comité → Inicio de Fase → Cierre del Ticket → Resolución del Requerimiento → Validación QA → Fin de Fase
TCK-1090,Creación de Ticket → Evaluación de Requerimiento → Ingreso a Backlog → Aprobación por Comité → Resolución del Requerimiento → Cierre del Ticket → Inicio de Fase → Validación QA → Fin de Fase
TCK-1091,Creación de Ticket → Evaluación de Requerimiento → Ingreso a Backlog → Aprobación por Comité → Inicio de Fase → Resolución del Requerimiento → Cierre del Ticket → Validación QA → Fin de Fase
TCK-1092,Creación de Ticket → Evaluación de Requerimiento → Ingreso a Backlog → Aprobación por Comité → Inicio de Fase → Resolución del Requerimiento → Cierre del Ticket → Validación QA → Fin de Fase
TCK-1093,Creación de Ticket → Evaluación de Requerimiento → Ingreso a Backlog → Aprobación por Comité → Inicio de Fase → Resolución del Requerimiento → Cierre del Ticket → Validación QA → Fin de Fase
TCK-1094,Creación de Ticket → Evaluación de Requerimiento → Ingreso a Backlog → Aprobación por Comité → Inicio de Fase → Cierre del Ticket → Resolución del Requerimiento → Validación QA → Fin de Fase
TCK-1095,Creación de Ticket → Evaluación de Requerimiento → Ingreso a Backlog → Aprobación por Comité → Inicio de Fase → Resolución del Requerimiento → Cierre del Ticket → Validación QA → Fin de Fase
TCK-1096,Creación de Ticket → Evaluación de Requerimiento → Ingreso a Backlog → Aprobación por Comité → Cierre del Ticket → Resolución del Requerimiento → Inicio de Fase → Validación QA → Fin de Fase
TCK-1097,Creación de Ticket → Evaluación de Requerimiento → Ingreso a Backlog → Aprobación por Comité → Resolución del Requerimiento → Cierre del Ticket → Validación QA → Inicio de Fase → Fin de Fase
TCK-1098,Creación de Ticket → Evaluación de Requerimiento → Ingreso a Backlog → Aprobación por Comité → Cierre del Ticket → Resolución del Requerimiento → Inicio de Fase → Validación QA → Fin de Fase
TCK-1099,Creación de Ticket → Evaluación de Requerimiento → Ingreso a Backlog → Aprobación por Comité → Cierre del Ticket → Resolución del Requerimiento → Inicio de Fase → Validación QA → Fin de Fase
TCK-1100,Creación de Ticket → Evaluación de Requerimiento → Ingreso a Backlog → Aprobación por Comité → Inicio de Fase → Cierre del Ticket → Resolución del Requerimiento → Validación QA → Fin de Fase
TCK-1101,Creación de Ticket → Evaluación de Requerimiento → Ingreso a Backlog → Aprobación por Comité → Inicio de Fase → Cierre del Ticket → Resolución del Requerimiento → Validación QA → Fin de Fase
TCK-1102,Creación de Ticket → Evaluación de Requerimiento → Ingreso a Backlog → Aprobación por Comité → Inicio de Fase → Resolución del Requerimiento → Cierre del Ticket → Validación QA → Fin de Fase
TCK-1103,Creación de Ticket → Evaluación de Requerimiento → Ingreso a Backlog → Aprobación por Comité → Cierre del Ticket → Resolución del Requerimiento → Inicio de Fase → Validación QA → Fin de Fase
TCK-1104,Creación de Ticket → Evaluación de Requerimiento → Ingreso a Backlog → Aprobación por Comité → Inicio de Fase → Resolución del Requerimiento → Cierre del Ticket → Validación QA → Fin de Fase
TCK-1105,Creación de Ticket → Evaluación de Requerimiento → Ingreso a Backlog → Aprobación por Comité → Inicio de Fase → Resolución del Requerimiento → Cierre del Ticket → Validación QA → Fin de Fase
TCK-1106,Creación de Ticket → Evaluación de Requerimiento → Ingreso a Backlog → Aprobación por Comité → Inicio de Fase → Resolución del Requerimiento → Cierre del Ticket → Validación QA → Fin de Fase
TCK-1107,Creación de Ticket → Evaluación de Requerimiento → Ingreso a Backlog → Aprobación por Comité → Resolución del Requerimiento → Cierre del Ticket → Validación QA → Inicio de Fase → Fin de Fase
TCK-1108,Creación de Ticket → Evaluación de Requerimiento → Ingreso a Backlog → Aprobación por Comité → Inicio de Fase → Resolución del Requerimiento → Cierre del Ticket → Validación QA → Fin de Fase
TCK-1109,Creación de Ticket → Evaluación de Requerimiento → Ingreso a Backlog → Aprobación por Comité → Inicio de Fase → Cierre del Ticket → Resolución del Requerimiento → Validación QA → Fin de Fase
TCK-1110,Creación de Ticket → Evaluación de Requerimiento → Ingreso a Backlog → Aprobación por Comité → Cierre del Ticket → Resolución del Requerimiento → Inicio de Fase → Validación QA → Fin de Fase
TCK-1111,Creación de Ticket → Evaluación de Requerimiento → Ingreso a Backlog → Aprobación por Comité → Inicio de Fase → Cierre del Ticket → Resolución del Requerimiento → Validación QA → Fin de Fase
TCK-1112,Creación de Ticket → Evaluación de Requerimiento → Ingreso a Backlog → Aprobación por Comité → Inicio de Fase → Cierre del Ticket → Resolución del Requerimiento → Validación QA → Fin de Fase
TCK-1113,Creación de Ticket → Evaluación de Requerimiento → Ingreso a Backlog → Aprobación por Comité → Inicio de Fase → Cierre del Ticket → Resolución del Requerimiento → Validación QA → Fin de Fase
TCK-1114,Creación de Ticket → Evaluación de Requerimiento → Ingreso a Backlog → Aprobación por Comité → Inicio de Fase → Resolución del Requerimiento → Cierre del Ticket → Validación QA → Fin de Fase
TCK-1115,Creación de Ticket → Evaluación de Requerimiento → Ingreso a Backlog → Aprobación por Comité → Cierre del Ticket → Resolución del Requerimiento → Inicio de Fase → Validación QA → Fin de Fase
TCK-1116,Creación de Ticket → Evaluación de Requerimiento → Ingreso a Backlog → Aprobación por Comité → Inicio de Fase → Cierre del Ticket → Resolución del Requerimiento → Validación QA → Fin de Fase
TCK-1117,Creación de Ticket → Evaluación de Requerimiento → Ingreso a Backlog → Aprobación por Comité → Resolución del Requerimiento → Cierre del Ticket → Inicio de Fase → Validación QA → Fin de Fase
TCK-1118,Creación de Ticket → Evaluación de Requerimiento → Ingreso a Backlog → Aprobación por Comité → Inicio de Fase → Cierre del Ticket → Resolución del Requerimiento → Validación QA → Fin de Fase
TCK-1119,Creación de Ticket → Evaluación de Requerimiento → Ingreso a Backlog → Aprobación por Comité → Inicio de Fase → Cierre del Ticket → Resolución del Requerimiento → Validación QA → Fin de Fase
TCK-1120,Creación de Ticket → Evaluación de Requerimiento → Ingreso a Backlog → Aprobación por Comité → Inicio de Fase → Resolución del Requerimiento → Cierre del Ticket → Validación QA → Fin de Fase
TCK-1121,Creación de Ticket → Evaluación de Requerimiento → Ingreso a Backlog → Aprobación por Comité → Cierre del Ticket → Resolución del Requerimiento → Inicio de Fase → Validación QA → Fin de Fase
TCK-1122,Creación de Ticket → Evaluación de Requerimiento → Ingreso a Backlog → Aprobación por Comité → Resolución del Requerimiento → Cierre del Ticket → Inicio de Fase → Validación QA → Fin de Fase
TCK-1123,Creación de Ticket → Evaluación de Requerimiento → Ingreso a Backlog → Aprobación por Comité → Inicio de Fase → Cierre del Ticket → Resolución del Requerimiento → Validación QA → Fin de Fase
TCK-1124,Creación de Ticket → Evaluación de Requerimiento → Ingreso a Backlog → Aprobación por Comité → Inicio de Fase → Cierre del Ticket → Resolución del Requerimiento → Validación QA → Fin de Fase
TCK-1125,Creación de Ticket → Evaluación de Requerimiento → Ingreso a Backlog → Aprobación por Comité → Resolución del Requerimiento → Cierre del Ticket → Inicio de Fase → Validación QA → Fin de Fase
TCK-1126,Creación de Ticket → Evaluación de Requerimiento → Ingreso a Backlog → Aprobación por Comité → Resolución del Requerimiento → Cierre del Ticket → Validación QA → Inicio de Fase → Fin de Fase
TCK-1127,Creación de Ticket → Evaluación de Requerimiento → Ingreso a Backlog → Aprobación por Comité → Resolución del Requerimiento → Cierre del Ticket → Inicio de Fase → Validación QA → Fin de Fase
TCK-1128,Creación de Ticket → Evaluación de Requerimiento → Ingreso a Backlog → Aprobación por Comité → Inicio de Fase → Resolución del Requerimiento → Cierre del Ticket → Validación QA → Fin de Fase
TCK-1129,Creación de Ticket → Evaluación de Requerimiento → Ingreso a Backlog → Aprobación por Comité → Inicio de Fase → Resolución del Requerimiento → Cierre del Ticket → Validación QA → Fin de Fase
TCK-1130,Creación de Ticket → Evaluación de Requerimiento → Ingreso a Backlog → Aprobación por Comité → Inicio de Fase → Cierre del Ticket → Resolución del Requerimiento → Validación QA → Fin de Fase
TCK-1131,Creación de Ticket → Evaluación de Requerimiento → Ingreso a Backlog → Aprobación por Comité → Inicio de Fase → Cierre del Ticket → Resolución del Requerimiento → Validación QA → Fin de Fase
TCK-1132,Creación de Ticket → Evaluación de Requerimiento → Ingreso a Backlog → Aprobación por Comité → Cierre del Ticket → Resolución del Requerimiento → Inicio de Fase → Validación QA → Fin de Fase
TCK-1133,Creación de Ticket → Evaluación de Requerimiento → Ingreso a Backlog → Aprobación por Comité → Inicio de Fase → Resolución del Requerimiento → Cierre del Ticket → Validación QA → Fin de Fase
TCK-1134,Creación de Ticket → Evaluación de Requerimiento → Ingreso a Backlog → Aprobación por Comité → Inicio de Fase → Cierre del Ticket → Resolución del Requerimiento → Validación QA → Fin de Fase
TCK-1135,Creación de Ticket → Evaluación de Requerimiento → Ingreso a Backlog → Aprobación por Comité → Inicio de Fase → Resolución del Requerimiento → Cierre del Ticket → Validación QA → Fin de Fase
TCK-1136,Creación de Ticket → Evaluación de Requerimiento → Ingreso a Backlog → Aprobación por Comité → Inicio de Fase → Resolución del Requerimiento → Cierre del Ticket → Validación QA → Fin de Fase
TCK-1137,Creación de Ticket → Evaluación de Requerimiento → Ingreso a Backlog → Aprobación por Comité → Inicio de Fase → Resolución del Requerimiento → Cierre del Ticket → Validación QA → Fin de Fase
TCK-1138,Creación de Ticket → Evaluación de Requerimiento → Ingreso a Backlog → Aprobación por Comité → Inicio de Fase → Cierre del Ticket → Resolución del Requerimiento → Validación QA → Fin de Fase
TCK-1139,Creación de Ticket → Evaluación de Requerimiento → Ingreso a Backlog → Aprobación por Comité → Inicio de Fase → Cierre del Ticket → Resolución del Requerimiento → Validación QA → Fin de Fase
TCK-1140,Creación de Ticket → Evaluación de Requerimiento → Ingreso a Backlog → Aprobación por Comité → Inicio de Fase → Cierre del Ticket → Resolución del Requerimiento → Validación QA → Fin de Fase
TCK-1141,Creación de Ticket → Evaluación de Requerimiento → Ingreso a Backlog → Aprobación por Comité → Inicio de Fase → Cierre del Ticket → Resolución del Requerimiento → Validación QA → Fin de Fase
TCK-1142,Creación de Ticket → Evaluación de Requerimiento → Ingreso a Backlog → Aprobación por Comité → Inicio de Fase → Cierre del Ticket → Resolución del Requerimiento → Validación QA → Fin de Fase
TCK-1143,Creación de Ticket → Evaluación de Requerimiento → Ingreso a Backlog → Aprobación por Comité → Inicio de Fase → Resolución del Requerimiento → Cierre del Ticket → Validación QA → Fin de Fase
TCK-1144,Creación de Ticket → Evaluación de Requerimiento → Ingreso a Backlog → Aprobación por Comité → Inicio de Fase → Cierre del Ticket → Resolución del Requerimiento → Validación QA → Fin de Fase
TCK-1145,Creación de Ticket → Evaluación de Requerimiento → Ingreso a Backlog → Aprobación por Comité → Inicio de Fase → Cierre del Ticket → Resolución del Requerimiento → Validación QA → Fin de Fase
TCK-1146,Creación de Ticket → Evaluación de Requerimiento → Ingreso a Backlog → Aprobación por Comité → Inicio de Fase → Resolución del Requerimiento → Cierre del Ticket → Validación QA → Fin de Fase
TCK-1147,Creación de Ticket → Evaluación de Requerimiento → Ingreso a Backlog → Aprobación por Comité → Resolución del Requerimiento → Cierre del Ticket → Inicio de Fase → Validación QA → Fin de Fase
TCK-1148,Creación de Ticket → Evaluación de Requerimiento → Ingreso a Backlog → Aprobación por Comité → Resolución del Requerimiento → Cierre del Ticket → Validación QA → Inicio de Fase → Fin de Fase
TCK-1149,Creación de Ticket → Evaluación de Requerimiento → Ingreso a Backlog → Aprobación por Comité → Inicio de Fase → Resolución del Requerimiento → Cierre del Ticket → Validación QA → Fin de Fase
TCK-1150,Creación de Ticket → Evaluación de Requerimiento → Ingreso a Backlog → Aprobación por Comité → Inicio de Fase → Resolución del Requerimiento → Cierre del Ticket → Validación QA → Fin de Fase
TCK-1151,Creación de Ticket → Evaluación de Requerimiento → Ingreso a Backlog → Aprobación por Comité → Cierre del Ticket → Resolución del Requerimiento → Inicio de Fase → Validación QA → Fin de Fase
TCK-1152,Creación de Ticket → Evaluación de Requerimiento → Ingreso a Backlog → Aprobación por Comité → Cierre del Ticket → Resolución del Requerimiento → Validación QA → Inicio de Fase → Fin de Fase
TCK-1153,Creación de Ticket → Evaluación de Requerimiento → Ingreso a Backlog → Aprobación por Comité → Inicio de Fase → Cierre del Ticket → Resolución del Requerimiento → Validación QA → Fin de Fase
TCK-1154,Creación de Ticket → Evaluación de Requerimiento → Ingreso a Backlog → Aprobación por Comité → Inicio de Fase → Resolución del Requerimiento → Cierre del Ticket → Validación QA → Fin de Fase
TCK-1155,Creación de Ticket → Evaluación de Requerimiento → Ingreso a Backlog → Aprobación por Comité → Inicio de Fase → Resolución del Requerimiento → Cierre del Ticket → Validación QA → Fin de Fase
TCK-1156,Creación de Ticket → Evaluación de Requerimiento → Ingreso a Backlog → Aprobación por Comité → Inicio de Fase → Cierre del Ticket → Resolución del Requerimiento → Validación QA → Fin de Fase
TCK-1157,Creación de Ticket → Evaluación de Requerimiento → Ingreso a Backlog → Aprobación por Comité → Inicio de Fase → Cierre del Ticket → Resolución del Requerimiento → Validación QA → Fin de Fase
TCK-1158,Creación de Ticket → Evaluación de Requerimiento → Ingreso a Backlog → Aprobación por Comité → Inicio de Fase → Resolución del Requerimiento → Cierre del Ticket → Validación QA → Fin de Fase
TCK-1159,Creación de Ticket → Evaluación de Requerimiento → Ingreso a Backlog → Aprobación por Comité → Inicio de Fase → Cierre del Ticket → Resolución del Requerimiento → Validación QA → Fin de Fase
TCK-1160,Creación de Ticket → Evaluación de Requerimiento → Ingreso a Backlog → Aprobación por Comité → Inicio de Fase → Resolución del Requerimiento → Cierre del Ticket → Validación QA → Fin de Fase
TCK-1161,Creación de Ticket → Evaluación de Requerimiento → Ingreso a Backlog → Aprobación por Comité → Inicio de Fase → Resolución del Requerimiento → Cierre del Ticket → Validación QA → Fin de Fase
TCK-1162,Creación de Ticket → Evaluación de Requerimiento → Ingreso a Backlog → Aprobación por Comité → Inicio de Fase → Resolución del Requerimiento → Cierre del Ticket → Validación QA → Fin de Fase
TCK-1163,Creación de Ticket → Evaluación de Requerimiento → Ingreso a Backlog → Aprobación por Comité → Inicio de Fase → Cierre del Ticket → Resolución del Requerimiento → Validación QA → Fin de Fase
TCK-1164,Creación de Ticket → Evaluación de Requerimiento → Ingreso a Backlog → Aprobación por Comité → Inicio de Fase → Cierre del Ticket → Resolución del Requerimiento → Validación QA → Fin de Fase
TCK-1165,Creación de Ticket → Evaluación de Requerimiento → Ingreso a Backlog → Aprobación por Comité → Inicio de Fase → Resolución del Requerimiento → Cierre del Ticket → Validación QA → Fin de Fase
TCK-1166,Creación de Ticket → Evaluación de Requerimiento → Ingreso a Backlog → Aprobación por Comité → Inicio de Fase → Validación QA → Resolución del Requerimiento → Cierre del Ticket → Fin de Fase
TCK-1167,Creación de Ticket → Evaluación de Requerimiento → Ingreso a Backlog → Aprobación por Comité → Inicio de Fase → Cierre del Ticket → Resolución del Requerimiento → Validación QA → Fin de Fase
TCK-1168,Creación de Ticket → Evaluación de Requerimiento → Ingreso a Backlog → Aprobación por Comité → Inicio de Fase → Cierre del Ticket → Resolución del Requerimiento → Validación QA → Fin de Fase
TCK-1169,Creación de Ticket → Evaluación de Requerimiento → Ingreso a Backlog → Aprobación por Comité → Inicio de Fase → Cierre del Ticket → Resolución del Requerimiento → Validación QA → Fin de Fase
TCK-1170,Creación de Ticket → Evaluación de Requerimiento → Ingreso a Backlog → Aprobación por Comité → Inicio de Fase → Cierre del Ticket → Resolución del Requerimiento → Validación QA → Fin de Fase
TCK-1171,Creación de Ticket → Evaluación de Requerimiento → Ingreso a Backlog → Aprobación por Comité → Inicio de Fase → Resolución del Requerimiento → Cierre del Ticket → Validación QA → Fin de Fase
TCK-1172,Creación de Ticket → Evaluación de Requerimiento → Ingreso a Backlog → Aprobación por Comité → Inicio de Fase → Cierre del Ticket → Resolución del Requerimiento → Validación QA → Fin de Fase
TCK-1173,Creación de Ticket → Evaluación de Requerimiento → Ingreso a Backlog → Aprobación por Comité → Inicio de Fase → Cierre del Ticket → Resolución del Requerimiento → Validación QA → Fin de Fase
TCK-1174,Creación de Ticket → Evaluación de Requerimiento → Ingreso a Backlog → Aprobación por Comité → Inicio de Fase → Cierre del Ticket → Resolución del Requerimiento → Validación QA → Fin de Fase
TCK-1175,Creación de Ticket → Evaluación de Requerimiento → Ingreso a Backlog → Aprobación por Comité → Inicio de Fase → Validación QA → Resolución del Requerimiento → Cierre del Ticket → Fin de Fase
TCK-1176,Creación de Ticket → Evaluación de Requerimiento → Ingreso a Backlog → Aprobación por Comité → Inicio de Fase → Cierre del Ticket → Resolución del Requerimiento → Validación QA → Fin de Fase
TCK-1177,Creación de Ticket → Evaluación de Requerimiento → Ingreso a Backlog → Aprobación por Comité → Inicio de Fase → Validación QA → Resolución del Requerimiento → Cierre del Ticket → Fin de Fase
TCK-1178,Creación de Ticket → Evaluación de Requerimiento → Ingreso a Backlog → Aprobación por Comité → Inicio de Fase → Validación QA → Cierre del Ticket → Resolución del Requerimiento → Fin de Fase
TCK-1179,Creación de Ticket → Evaluación de Requerimiento → Ingreso a Backlog → Aprobación por Comité → Inicio de Fase → Resolución del Requerimiento → Cierre del Ticket → Validación QA → Fin de Fase
TCK-1180,Creación de Ticket → Evaluación de Requerimiento → Ingreso a Backlog → Aprobación por Comité → Inicio de Fase → Resolución del Requerimiento → Cierre del Ticket → Validación QA → Fin de Fase
TCK-1181,Creación de Ticket → Evaluación de Requerimiento → Ingreso a Backlog → Aprobación por Comité → Resolución del Requerimiento → Cierre del Ticket → Inicio de Fase → Validación QA → Fin de Fase
TCK-1182,Creación de Ticket → Evaluación de Requerimiento → Ingreso a Backlog → Aprobación por Comité → Inicio de Fase → Resolución del Requerimiento → Cierre del Ticket → Validación QA → Fin de Fase
TCK-1183,Creación de Ticket → Evaluación de Requerimiento → Ingreso a Backlog → Aprobación por Comité → Inicio de Fase → Resolución del Requerimiento → Cierre del Ticket → Validación QA → Fin de Fase
TCK-1184,Creación de Ticket → Evaluación de Requerimiento → Ingreso a Backlog → Aprobación por Comité → Inicio de Fase → Validación QA → Resolución del Requerimiento → Cierre del Ticket → Fin de Fase
TCK-1185,Creación de Ticket → Evaluación de Requerimiento → Ingreso a Backlog → Aprobación por Comité → Inicio de Fase → Validación QA → Cierre del Ticket → Resolución del Requerimiento → Fin de Fase
TCK-1186,Creación de Ticket → Evaluación de Requerimiento → Ingreso a Backlog → Aprobación por Comité → Inicio de Fase → Resolución del Requerimiento → Cierre del Ticket → Validación QA → Fin de Fase
TCK-1187,Creación de Ticket → Evaluación de Requerimiento → Ingreso a Backlog → Aprobación por Comité → Inicio de Fase → Cierre del Ticket → Resolución del Requerimiento → Validación QA → Fin de Fase
TCK-1188,Creación de Ticket → Evaluación de Requerimiento → Ingreso a Backlog → Aprobación por Comité → Cierre del Ticket → Resolución del Requerimiento → Inicio de Fase → Validación QA → Fin de Fase
TCK-1189,Creación de Ticket → Evaluación de Requerimiento → Ingreso a Backlog → Aprobación por Comité → Inicio de Fase → Validación QA → Resolución del Requerimiento → Cierre del Ticket → Fin de Fase
TCK-1190,Creación de Ticket → Evaluación de Requerimiento → Ingreso a Backlog → Aprobación por Comité → Inicio de Fase → Validación QA → Resolución del Requerimiento → Cierre del Ticket → Fin de Fase
TCK-1191,Creación de Ticket → Evaluación de Requerimiento → Ingreso a Backlog → Aprobación por Comité → Inicio de Fase → Validación QA → Resolución del Requerimiento → Cierre del Ticket → Fin de Fase
TCK-1192,Creación de Ticket → Evaluación de Requerimiento → Ingreso a Backlog → Aprobación por Comité → Inicio de Fase → Validación QA → Resolución del Requerimiento → Cierre del Ticket → Fin de Fase
TCK-1193,Creación de Ticket → Evaluación de Requerimiento → Ingreso a Backlog → Aprobación por Comité → Inicio de Fase → Validación QA → Cierre del Ticket → Resolución del Requerimiento → Fin de Fase
TCK-1194,Creación de Ticket → Evaluación de Requerimiento → Ingreso a Backlog → Aprobación por Comité → Inicio de Fase → Validación QA → Cierre del Ticket → Resolución del Requerimiento → Fin de Fase
TCK-1195,Creación de Ticket → Evaluación de Requerimiento → Ingreso a Backlog → Aprobación por Comité → Inicio de Fase → Validación QA → Resolución del Requerimiento → Cierre del Ticket → Fin de Fase
TCK-1196,Creación de Ticket → Evaluación de Requerimiento → Ingreso a Backlog → Aprobación por Comité → Inicio de Fase → Validación QA → Cierre del Ticket → Resolución del Requerimiento → Fin de Fase
TCK-1197,Creación de Ticket → Evaluación de Requerimiento → Ingreso a Backlog → Aprobación por Comité → Inicio de Fase → Validación QA → Resolución del Requerimiento → Cierre del Ticket → Fin de Fase
TCK-1198,Creación de Ticket → Evaluación de Requerimiento → Ingreso a Backlog → Aprobación por Comité → Inicio de Fase → Resolución del Requerimiento → Validación QA → Cierre del Ticket → Fin de Fase
TCK-1199,Creación de Ticket → Evaluación de Requerimiento → Ingreso a Backlog → Aprobación por Comité → Inicio de Fase → Validación QA → Resolución del Requerimiento → Cierre del Ticket → Fin de Fase
TCK-1200,Creación de Ticket → Evaluación de Requerimiento → Ingreso a Backlog → Aprobación por Comité → Inicio de Fase → Validación QA → Cierre del Ticket → Resolución del Requerimiento → Fin de Fase
TCK-1201,Creación de Ticket → Evaluación de Requerimiento → Ingreso a Backlog → Aprobación por Comité → Inicio de Fase → Validación QA → Cierre del Ticket → Resolución del Requerimiento → Fin de Fase
TCK-1202,Creación de Ticket → Evaluación de Requerimiento → Ingreso a Backlog → Aprobación por Comité → Inicio de Fase → Validación QA → Resolución del Requerimiento → Cierre del Ticket → Fin de Fase
TCK-1203,Creación de Ticket → Evaluación de Requerimiento → Ingreso a Backlog → Aprobación por Comité → Inicio de Fase → Validación QA → Resolución del Requerimiento → Cierre del Ticket → Fin de Fase
TCK-1204,Creación de Ticket → Evaluación de Requerimiento → Ingreso a Backlog → Aprobación por Comité → Inicio de Fase → Validación QA → Resolución del Requerimiento → Cierre del Ticket → Fin de Fase
TCK-1205,Creación de Ticket → Evaluación de Requerimiento → Ingreso a Backlog → Aprobación por Comité → Inicio de Fase → Validación QA → Cierre del Ticket → Resolución del Requerimiento → Fin de Fase
TCK-1206,Creación de Ticket → Evaluación de Requerimiento → Ingreso a Backlog → Aprobación por Comité → Inicio de Fase → Validación QA → Fin de Fase → Cierre del Ticket → Resolución del Requerimiento
TCK-1207,Creación de Ticket → Evaluación de Requerimiento → Ingreso a Backlog → Aprobación por Comité → Inicio de Fase → Validación QA → Resolución del Requerimiento → Cierre del Ticket → Fin de Fase
TCK-1208,Creación de Ticket → Evaluación de Requerimiento → Ingreso a Backlog → Aprobación por Comité → Inicio de Fase → Validación QA → Resolución del Requerimiento → Cierre del Ticket → Fin de Fase
TCK-1209,Creación de Ticket → Evaluación de Requerimiento → Ingreso a Backlog → Aprobación por Comité → Inicio de Fase → Validación QA → Fin de Fase → Cierre del Ticket → Resolución del Requerimiento
TCK-1210,Creación de Ticket → Evaluación de Requerimiento → Ingreso a Backlog → Aprobación por Comité → Inicio de Fase → Validación QA → Cierre del Ticket → Resolución del Requerimiento → Fin de Fase
TCK-1211,Creación de Ticket → Evaluación de Requerimiento → Ingreso a Backlog → Aprobación por Comité → Validación QA → Inicio de Fase → Resolución del Requerimiento → Cierre del Ticket → Fin de Fase
TCK-1212,Creación de Ticket → Evaluación de Requerimiento → Ingreso a Backlog → Aprobación por Comité → Inicio de Fase → Validación QA → Resolución del Requerimiento → Cierre del Ticket → Fin de Fase
TCK-1213,Creación de Ticket → Evaluación de Requerimiento → Ingreso a Backlog → Aprobación por Comité → Inicio de Fase → Validación QA → Fin de Fase → Resolución del Requerimiento → Cierre del Ticket
TCK-1214,Creación de Ticket → Evaluación de Requerimiento → Ingreso a Backlog → Aprobación por Comité → Inicio de Fase → Validación QA → Cierre del Ticket → Resolución del Requerimiento → Fin de Fase
TCK-1215,Creación de Ticket → Evaluación de Requerimiento → Ingreso a Backlog → Aprobación por Comité → Inicio de Fase → Validación QA → Fin de Fase → Resolución del Requerimiento → Cierre del Ticket
TCK-1216,Creación de Ticket → Evaluación de Requerimiento → Ingreso a Backlog → Aprobación por Comité → Inicio de Fase → Validación QA → Fin de Fase → Resolución del Requerimiento → Cierre del Ticket
TCK-1217,Creación de Ticket → Evaluación de Requerimiento → Ingreso a Backlog → Aprobación por Comité → Inicio de Fase → Validación QA → Resolución del Requerimiento → Cierre del Ticket → Fin de Fase
TCK-1218,Creación de Ticket → Evaluación de Requerimiento → Ingreso a Backlog → Aprobación por Comité → Validación QA → Inicio de Fase → Resolución del Requerimiento → Cierre del Ticket → Fin de Fase
TCK-1219,Creación de Ticket → Evaluación de Requerimiento → Ingreso a Backlog → Aprobación por Comité → Inicio de Fase → Validación QA → Fin de Fase → Cierre del Ticket → Resolución del Requerimiento
TCK-1220,Creación de Ticket → Evaluación de Requerimiento → Ingreso a Backlog → Aprobación por Comité → Inicio de Fase → Validación QA → Cierre del Ticket → Resolución del Requerimiento → Fin de Fase
TCK-1221,Creación de Ticket → Evaluación de Requerimiento → Ingreso a Backlog → Aprobación por Comité → Inicio de Fase → Validación QA → Fin de Fase → Resolución del Requerimiento → Cierre del Ticket
TCK-1222,Creación de Ticket → Evaluación de Requerimiento → Ingreso a Backlog → Aprobación por Comité → Inicio de Fase → Validación QA → Resolución del Requerimiento → Fin de Fase → Cierre del Ticket
TCK-1223,Creación de Ticket → Evaluación de Requerimiento → Ingreso a Backlog → Aprobación por Comité → Inicio de Fase → Validación QA → Cierre del Ticket → Resolución del Requerimiento → Fin de Fase
TCK-1224,Creación de Ticket → Evaluación de Requerimiento → Ingreso a Backlog → Aprobación por Comité → Inicio de Fase → Validación QA → Fin de Fase → Cierre del Ticket → Resolución del Requerimiento
TCK-1225,Creación de Ticket → Evaluación de Requerimiento → Ingreso a Backlog → Aprobación por Comité → Inicio de Fase → Validación QA → Fin de Fase → Cierre del Ticket → Resolución del Requerimiento
TCK-1226,Creación de Ticket → Evaluación de Requerimiento → Ingreso a Backlog → Aprobación por Comité → Inicio de Fase → Validación QA → Resolución del Requerimiento → Cierre del Ticket → Fin de Fase
TCK-1227,Creación de Ticket → Evaluación de Requerimiento → Ingreso a Backlog → Aprobación por Comité → Inicio de Fase → Validación QA → Fin de Fase → Cierre del Ticket → Resolución del Requerimiento
TCK-1228,Creación de Ticket → Evaluación de Requerimiento → Ingreso a Backlog → Aprobación por Comité → Inicio de Fase → Validación QA → Fin de Fase → Resolución del Requerimiento → Cierre del Ticket
TCK-1229,Creación de Ticket → Evaluación de Requerimiento → Ingreso a Backlog → Aprobación por Comité → Inicio de Fase → Validación QA → Resolución del Requerimiento → Cierre del Ticket → Fin de Fase
TCK-1230,Creación de Ticket → Evaluación de Requerimiento → Ingreso a Backlog → Aprobación por Comité → Inicio de Fase → Validación QA → Fin de Fase → Cierre del Ticket → Resolución del Requerimiento
TCK-1231,Creación de Ticket → Evaluación de Requerimiento → Ingreso a Backlog → Aprobación por Comité → Inicio de Fase → Validación QA → Cierre del Ticket → Resolución del Requerimiento → Fin de Fase
TCK-1232,Creación de Ticket → Evaluación de Requerimiento → Ingreso a Backlog → Aprobación por Comité → Inicio de Fase → Validación QA → Fin de Fase → Resolución del Requerimiento → Cierre del Ticket
TCK-1233,Creación de Ticket → Evaluación de Requerimiento → Ingreso a Backlog → Aprobación por Comité → Inicio de Fase → Validación QA → Fin de Fase → Cierre del Ticket → Resolución del Requerimiento
TCK-1234,Creación de Ticket → Evaluación de Requerimiento → Ingreso a Backlog → Aprobación por Comité → Inicio de Fase → Validación QA → Fin de Fase → Cierre del Ticket → Resolución del Requerimiento
TCK-1235,Creación de Ticket → Evaluación de Requerimiento → Ingreso a Backlog → Aprobación por Comité → Inicio de Fase → Validación QA → Fin de Fase → Cierre del Ticket → Resolución del Requerimiento
TCK-1236,Creación de Ticket → Evaluación de Requerimiento → Ingreso a Backlog → Aprobación por Comité → Inicio de Fase → Validación QA → Fin de Fase → Resolución del Requerimiento → Cierre del Ticket
TCK-1237,Creación de Ticket → Evaluación de Requerimiento → Ingreso a Backlog → Aprobación por Comité → Inicio de Fase → Validación QA → Fin de Fase → Cierre del Ticket → Resolución del Requerimiento
TCK-1238,Creación de Ticket → Evaluación de Requerimiento → Ingreso a Backlog → Aprobación por Comité → Inicio de Fase → Validación QA → Fin de Fase → Cierre del Ticket → Resolución del Requerimiento
TCK-1239,Creación de Ticket → Evaluación de Requerimiento → Ingreso a Backlog → Aprobación por Comité → Inicio de Fase → Validación QA → Fin de Fase → Cierre del Ticket → Resolución del Requerimiento
TCK-1240,Creación de Ticket → Evaluación de Requerimiento → Ingreso a Backlog → Aprobación por Comité → Inicio de Fase → Validación QA → Fin de Fase → Resolución del Requerimiento → Cierre del Ticket
TCK-1241,Creación de Ticket → Evaluación de Requerimiento → Ingreso a Backlog → Aprobación por Comité → Inicio de Fase → Validación QA → Fin de Fase → Resolución del Requerimiento → Cierre del Ticket
TCK-1242,Creación de Ticket → Evaluación de Requerimiento → Ingreso a Backlog → Aprobación por Comité → Inicio de Fase → Validación QA → Fin de Fase → Cierre del Ticket → Resolución del Requerimiento
TCK-1243,Creación de Ticket → Evaluación de Requerimiento → Ingreso a Backlog → Aprobación por Comité → Inicio de Fase → Validación QA → Fin de Fase → Resolución del Requerimiento → Cierre del Ticket
TCK-1244,Creación de Ticket → Evaluación de Requerimiento → Ingreso a Backlog → Aprobación por Comité → Inicio de Fase → Validación QA → Fin de Fase → Cierre del Ticket → Resolución del Requerimiento
TCK-1245,Creación de Ticket → Evaluación de Requerimiento → Ingreso a Backlog → Aprobación por Comité → Inicio de Fase → Validación QA → Fin de Fase → Resolución del Requerimiento → Cierre del Ticket
TCK-1246,Creación de Ticket → Evaluación de Requerimiento → Ingreso a Backlog → Aprobación por Comité → Inicio de Fase → Validación QA → Fin de Fase → Cierre del Ticket → Resolución del Requerimiento
TCK-1247,Creación de Ticket → Evaluación de Requerimiento → Ingreso a Backlog → Aprobación por Comité → Inicio de Fase → Validación QA → Fin de Fase → Resolución del Requerimiento → Cierre del Ticket
TCK-1248,Creación de Ticket → Evaluación de Requerimiento → Ingreso a Backlog → Aprobación por Comité → Validación QA → Inicio de Fase → Fin de Fase → Cierre del Ticket → Resolución del Requerimiento
TCK-1249,Creación de Ticket → Evaluación de Requerimiento → Ingreso a Backlog → Aprobación por Comité → Inicio de Fase → Validación QA → Fin de Fase → Resolución del Requerimiento → Cierre del Ticket
TCK-1250,Creación de Ticket → Evaluación de Requerimiento → Ingreso a Backlog → Aprobación por Comité → Inicio de Fase → Validación QA → Fin de Fase → Resolución del Requerimiento → Cierre del Ticket
TCK-1251,Creación de Ticket → Evaluación de Requerimiento → Ingreso a Backlog → Aprobación por Comité → Inicio de Fase → Validación QA → Fin de Fase → Resolución del Requerimiento → Cierre del Ticket
TCK-1252,Creación de Ticket → Evaluación de Requerimiento → Ingreso a Backlog → Aprobación por Comité → Inicio de Fase → Validación QA → Fin de Fase → Cierre del Ticket → Resolución del Requerimiento
TCK-1253,Creación de Ticket → Evaluación de Requerimiento → Ingreso a Backlog → Aprobación por Comité → Inicio de Fase → Validación QA → Fin de Fase → Resolución del Requerimiento → Cierre del Ticket
TCK-1254,Creación de Ticket → Evaluación de Requerimiento → Ingreso a Backlog → Aprobación por Comité → Inicio de Fase → Validación QA → Fin de Fase → Resolución del Requerimiento → Cierre del Ticket
TCK-1255,Creación de Ticket → Evaluación de Requerimiento → Ingreso a Backlog → Aprobación por Comité → Inicio de Fase → Validación QA → Fin de Fase → Cierre del Ticket → Resolución del Requerimiento
TCK-1256,Creación de Ticket → Evaluación de Requerimiento → Ingreso a Backlog → Aprobación por Comité → Inicio de Fase → Validación QA → Fin de Fase → Cierre del Ticket → Resolución del Requerimiento
TCK-1257,Creación de Ticket → Evaluación de Requerimiento → Ingreso a Backlog → Aprobación por Comité → Inicio de Fase → Validación QA → Fin de Fase → Resolución del Requerimiento → Cierre del Ticket
TCK-1258,Creación de Ticket → Evaluación de Requerimiento → Ingreso a Backlog → Aprobación por Comité → Inicio de Fase → Validación QA → Fin de Fase → Resolución del Requerimiento → Cierre del Ticket
TCK-1259,Creación de Ticket → Evaluación de Requerimiento → Ingreso a Backlog → Aprobación por Comité → Inicio de Fase → Validación QA → Fin de Fase → Resolución del Requerimiento → Cierre del Ticket
TCK-1260,Creación de Ticket → Evaluación de Requerimiento → Ingreso a Backlog → Aprobación por Comité → Inicio de Fase → Validación QA → Fin de Fase → Resolución del Requerimiento → Cierre del Ticket
TCK-1261,Creación de Ticket → Evaluación de Requerimiento → Ingreso a Backlog → Aprobación por Comité → Inicio de Fase → Validación QA → Fin de Fase → Resolución del Requerimiento → Cierre del Ticket
TCK-1262,Creación de Ticket → Evaluación de Requerimiento → Ingreso a Backlog → Aprobación por Comité → Inicio de Fase → Validación QA → Fin de Fase → Resolución del Requerimiento → Cierre del Ticket
TCK-1263,Creación de Ticket → Evaluación de Requerimiento → Ingreso a Backlog → Aprobación por Comité → Validación QA → Inicio de Fase → Fin de Fase → Cierre del Ticket → Resolución del Requerimiento
TCK-1264,Creación de Ticket → Evaluación de Requerimiento → Ingreso a Backlog → Aprobación por Comité → Inicio de Fase → Validación QA → Fin de Fase → Cierre del Ticket → Resolución del Requerimiento
TCK-1265,Creación de Ticket → Evaluación de Requerimiento → Ingreso a Backlog → Aprobación por Comité → Inicio de Fase → Validación QA → Fin de Fase → Cierre del Ticket → Resolución del Requerimiento
TCK-1266,Creación de Ticket → Evaluación de Requerimiento → Ingreso a Backlog → Aprobación por Comité → Inicio de Fase → Validación QA → Fin de Fase → Resolución del Requerimiento → Cierre del Ticket
TCK-1267,Creación de Ticket → Evaluación de Requerimiento → Ingreso a Backlog → Aprobación por Comité → Inicio de Fase → Validación QA → Fin de Fase → Resolución del Requerimiento → Cierre del Ticket
TCK-1268,Creación de Ticket → Evaluación de Requerimiento → Ingreso a Backlog → Aprobación por Comité → Inicio de Fase → Validación QA → Fin de Fase → Cierre del Ticket → Resolución del Requerimiento
TCK-1269,Creación de Ticket → Evaluación de Requerimiento → Ingreso a Backlog → Aprobación por Comité → Inicio de Fase → Validación QA → Fin de Fase → Cierre del Ticket → Resolución del Requerimiento
TCK-1270,Creación de Ticket → Evaluación de Requerimiento → Ingreso a Backlog → Aprobación por Comité → Inicio de Fase → Validación QA → Fin de Fase → Resolución del Requerimiento → Cierre del Ticket
TCK-1271,Creación de Ticket → Evaluación de Requerimiento → Ingreso a Backlog → Aprobación por Comité → Inicio de Fase → Validación QA → Fin de Fase → Cierre del Ticket → Resolución del Requerimiento
TCK-1272,Creación de Ticket → Evaluación de Requerimiento → Ingreso a Backlog → Aprobación por Comité → Inicio de Fase → Validación QA → Fin de Fase → Cierre del Ticket → Resolución del Requerimiento
TCK-1273,Creación de Ticket → Evaluación de Requerimiento → Ingreso a Backlog → Aprobación por Comité → Inicio de Fase → Validación QA → Fin de Fase → Cierre del Ticket → Resolución del Requerimiento
TCK-1274,Creación de Ticket → Evaluación de Requerimiento → Ingreso a Backlog → Aprobación por Comité → Inicio de Fase → Validación QA → Fin de Fase → Cierre del Ticket → Resolución del Requerimiento
TCK-1275,Creación de Ticket → Evaluación de Requerimiento → Ingreso a Backlog → Aprobación por Comité → Inicio de Fase → Validación QA → Fin de Fase → Cierre del Ticket → Resolución del Requerimiento
TCK-1276,Creación de Ticket → Evaluación de Requerimiento → Ingreso a Backlog → Aprobación por Comité → Validación QA → Inicio de Fase → Fin de Fase → Cierre del Ticket → Resolución del Requerimiento
TCK-1277,Creación de Ticket → Evaluación de Requerimiento → Ingreso a Backlog → Aprobación por Comité → Inicio de Fase → Validación QA → Fin de Fase → Resolución del Requerimiento → Cierre del Ticket
TCK-1278,Creación de Ticket → Evaluación de Requerimiento → Ingreso a Backlog → Aprobación por Comité → Inicio de Fase → Validación QA → Fin de Fase → Cierre del Ticket → Resolución del Requerimiento
TCK-1279,Creación de Ticket → Evaluación de Requerimiento → Ingreso a Backlog → Aprobación por Comité → Inicio de Fase → Validación QA → Fin de Fase → Resolución del Requerimiento → Cierre del Ticket
TCK-1280,Creación de Ticket → Evaluación de Requerimiento → Ingreso a Backlog → Aprobación por Comité → Inicio de Fase → Validación QA → Fin de Fase → Cierre del Ticket → Resolución del Requerimiento
TCK-1281,Creación de Ticket → Evaluación de Requerimiento → Ingreso a Backlog → Aprobación por Comité → Inicio de Fase → Validación QA → Fin de Fase → Cierre del Ticket → Resolución del Requerimiento
TCK-1282,Creación de Ticket → Evaluación de Requerimiento → Ingreso a Backlog → Aprobación por Comité → Inicio de Fase → Validación QA → Fin de Fase → Cierre del Ticket → Resolución del Requerimiento
TCK-1283,Creación de Ticket → Evaluación de Requerimiento → Ingreso a Backlog → Aprobación por Comité → Inicio de Fase → Validación QA → Fin de Fase → Resolución del Requerimiento → Cierre del Ticket
TCK-1284,Creación de Ticket → Evaluación de Requerimiento → Ingreso a Backlog → Aprobación por Comité → Inicio de Fase → Validación QA → Fin de Fase → Resolución del Requerimiento → Cierre del Ticket
TCK-1285,Creación de Ticket → Evaluación de Requerimiento → Ingreso a Backlog → Aprobación por Comité → Inicio de Fase → Validación QA → Fin de Fase → Resolución del Requerimiento → Cierre del Ticket
TCK-1286,Creación de Ticket → Evaluación de Requerimiento → Ingreso a Backlog → Aprobación por Comité → Inicio de Fase → Validación QA → Fin de Fase → Resolución del Requerimiento → Cierre del Ticket
TCK-1287,Creación de Ticket → Evaluación de Requerimiento → Ingreso a Backlog → Aprobación por Comité → Validación QA → Inicio de Fase → Fin de Fase → Resolución del Requerimiento → Cierre del Ticket
TCK-1288,Creación de Ticket → Evaluación de Requerimiento → Ingreso a Backlog → Aprobación por Comité → Inicio de Fase → Validación QA → Fin de Fase → Cierre del Ticket → Resolución del Requerimiento
TCK-1289,Creación de Ticket → Evaluación de Requerimiento → Ingreso a Backlog → Aprobación por Comité → Inicio de Fase → Validación QA → Fin de Fase → Resolución del Requerimiento → Cierre del Ticket
TCK-1290,Creación de Ticket → Evaluación de Requerimiento → Ingreso a Backlog → Aprobación por Comité → Inicio de Fase → Validación QA → Fin de Fase → Cierre del Ticket → Resolución del Requerimiento
TCK-1291,Creación de Ticket → Evaluación de Requerimiento → Ingreso a Backlog → Aprobación por Comité → Inicio de Fase → Validación QA → Fin de Fase → Cierre del Ticket → Resolución del Requerimiento
TCK-1292,Creación de Ticket → Evaluación de Requerimiento → Ingreso a Backlog → Aprobación por Comité → Inicio de Fase → Validación QA → Fin de Fase → Cierre del Ticket → Resolución del Requerimiento
TCK-1293,Creación de Ticket → Evaluación de Requerimiento → Ingreso a Backlog → Aprobación por Comité → Inicio de Fase → Validación QA → Fin de Fase → Cierre del Ticket → Resolución del Requerimiento
TCK-1294,Creación de Ticket → Evaluación de Requerimiento → Ingreso a Backlog → Aprobación por Comité → Inicio de Fase → Validación QA → Fin de Fase → Resolución del Requerimiento → Cierre del Ticket
TCK-1295,Creación de Ticket → Evaluación de Requerimiento → Ingreso a Backlog → Aprobación por Comité → Inicio de Fase → Validación QA → Fin de Fase → Cierre del Ticket → Resolución del Requerimiento
TCK-1296,Creación de Ticket → Evaluación de Requerimiento → Ingreso a Backlog → Aprobación por Comité → Inicio de Fase → Validación QA → Fin de Fase → Cierre del Ticket → Resolución del Requerimiento
TCK-1297,Creación de Ticket → Evaluación de Requerimiento → Ingreso a Backlog → Aprobación por Comité → Inicio de Fase → Validación QA → Fin de Fase → Resolución del Requerimiento → Cierre del Ticket
TCK-1298,Creación de Ticket → Evaluación de Requerimiento → Ingreso a Backlog → Aprobación por Comité → Inicio de Fase → Validación QA → Fin de Fase → Cierre del Ticket → Resolución del Requerimiento
TCK-1299,Creación de Ticket → Evaluación de Requerimiento → Ingreso a Backlog → Aprobación por Comité → Inicio de Fase → Validación QA → Fin de Fase → Resolución del Requerimiento → Cierre del Ticket
TCK-1300,Creación de Ticket → Evaluación de Requerimiento → Ingreso a Backlog → Aprobación por Comité → Inicio de Fase → Validación QA → Fin de Fase → Cierre del Ticket → Resolución del Requerimiento
